Product,Anchor text examples,Relative URL,Type,Use when writing about...
Product Analytics,product analytics,/product-analytics,Product page,General product analytics mentions
Product Analytics,product analytics docs,/docs/product-analytics,Docs,Technical docs references
Product Analytics,autocapture,/docs/product-analytics/autocapture,Docs,Autocapture feature or configuration
Product Analytics,best practices,/docs/product-analytics/best-practices,Docs,Best practices and tips
Product Analytics,capture events,/docs/product-analytics/capture-events,Docs,Capture Events feature or configuration
Product Analytics,color themes,/docs/product-analytics/color-themes,Docs,Color Themes feature or configuration
Product Analytics,correlation,/docs/product-analytics/correlation,Docs,Correlation feature or configuration
Product Analytics,cutting costs,/docs/product-analytics/cutting-costs,Docs,"Reducing costs, optimizing spend"
Product Analytics,dashboards,/docs/product-analytics/dashboards,Docs,Dashboards feature or configuration
Product Analytics,funnels,/docs/product-analytics/funnels,Docs,Funnels feature or configuration
Product Analytics,group analytics,/docs/product-analytics/group-analytics,Docs,Group Analytics feature or configuration
Product Analytics,identify,/docs/product-analytics/identify,Docs,Identify feature or configuration
Product Analytics,insights,/docs/product-analytics/insights,Docs,Insights feature or configuration
Product Analytics,installation,/docs/product-analytics/installation,Docs,"Setup, getting started, SDKs"
Product Analytics,lifecycle,/docs/product-analytics/lifecycle,Docs,Lifecycle feature or configuration
Product Analytics,paths,/docs/product-analytics/paths,Docs,Paths feature or configuration
Product Analytics,person properties,/docs/product-analytics/person-properties,Docs,Person Properties feature or configuration
Product Analytics,privacy,/docs/product-analytics/privacy,Docs,Privacy feature or configuration
Product Analytics,retention,/docs/product-analytics/retention,Docs,Retention feature or configuration
Product Analytics,schema management,/docs/product-analytics/schema-management,Docs,Schema Management feature or configuration
Product Analytics,sharing,/docs/product-analytics/sharing,Docs,Sharing feature or configuration
Product Analytics,stickiness,/docs/product-analytics/stickiness,Docs,Stickiness feature or configuration
Product Analytics,subscriptions,/docs/product-analytics/subscriptions,Docs,Subscriptions feature or configuration
Product Analytics,aggregations,/docs/product-analytics/trends/aggregations,Docs,Aggregations feature or configuration
Product Analytics,breakdowns,/docs/product-analytics/trends/breakdowns,Docs,Breakdowns feature or configuration
Product Analytics,charts,/docs/product-analytics/trends/charts,Docs,Charts feature or configuration
Product Analytics,filters,/docs/product-analytics/trends/filters,Docs,Filters feature or configuration
Product Analytics,formulas,/docs/product-analytics/trends/formulas,Docs,Formulas feature or configuration
Product Analytics,overview,/docs/product-analytics/trends/overview,Docs,Overview feature or configuration
Product Analytics,statistical analysis,/docs/product-analytics/trends/statistical-analysis,Docs,Statistical Analysis feature or configuration
Product Analytics,tips,/docs/product-analytics/trends/tips,Docs,Tips feature or configuration
Product Analytics,troubleshooting,/docs/product-analytics/troubleshooting,Docs,"Debugging, missing data, fixes"
Product Analytics,tutorials,/docs/product-analytics/tutorials,Docs,"Learning resources, how-to content"
Product Analytics,funnels,/funnels,Product page,Funnels feature page
Product Analytics,retention,/retention,Product page,Retention feature page
Product Analytics,lifecycle,/lifecycle,Product page,Lifecycle feature page
Product Analytics,stickiness,/stickiness,Product page,Stickiness feature page
Product Analytics,trends,/trends,Product page,Trends feature page
Product Analytics,user paths,/user-paths,Product page,User Paths feature page
Product Analytics,group analytics,/group-analytics,Product page,Group Analytics feature page
Product Analytics,correlation analysis,/correlation-analysis,Product page,Correlation Analysis feature page
Product Analytics,dashboards,/dashboards,Product page,Dashboards feature page
Product Analytics,sql,/sql,Product page,Sql feature page
Product Analytics,notebooks,/notebooks,Product page,Notebooks feature page
Product Analytics,heatmaps,/heatmaps,Product page,Heatmaps feature page
Product Analytics,toolbar,/toolbar,Product page,Toolbar feature page
Product Analytics,profiles,/profiles,Product page,Profiles feature page
Product Analytics,toolbar docs,/docs/toolbar,Docs,Toolbar documentation
Product Analytics,notebooks docs,/docs/notebooks,Docs,Notebooks documentation
Product Analytics,sql docs,/docs/sql,Docs,Sql documentation
Product Analytics,data docs,/docs/data,Docs,Data documentation
Product Analytics,product analytics,/blog/product-analytics,Blog,Blog: product analytics
Product Analytics,what is product analytics,/blog/what-is-product-analytics,Blog,Blog: what is product analytics
Product Analytics,product metrics,/blog/product-metrics,Blog,Blog: product metrics
Product Analytics,null handling hogql,/blog/null-handling-hogql,Blog,Blog: null handling hogql
Product Analytics,is autocapture still bad,/blog/is-autocapture-still-bad,Blog,Blog: is autocapture still bad
Product Analytics,Introduction to self service analytics,/blog/Introduction-to-self-service-analytics,Blog,Blog: Introduction to self service analytics
Product Analytics,how to do user segmentation,/blog/how-to-do-user-segmentation,Blog,Blog: how to do user segmentation
Product Analytics,how to measure product engagement,/blog/how-to-measure-product-engagement,Blog,Blog: how to measure product engagement
Product Analytics,posthog vs amplitude,/blog/posthog-vs-amplitude,Blog,Blog: posthog vs amplitude
Product Analytics,posthog vs mixpanel,/blog/posthog-vs-mixpanel,Blog,Blog: posthog vs mixpanel
Product Analytics,posthog vs heap,/blog/posthog-vs-heap,Blog,Blog: posthog vs heap
Product Analytics,posthog vs pendo,/blog/posthog-vs-pendo,Blog,Blog: posthog vs pendo
Product Analytics,posthog vs ga4,/blog/posthog-vs-ga4,Blog,Blog: posthog vs ga4
Product Analytics,posthog vs matomo,/blog/posthog-vs-matomo,Blog,Blog: posthog vs matomo
Product Analytics,posthog vs plausible,/blog/posthog-vs-plausible,Blog,Blog: posthog vs plausible
Product Analytics,posthog vs fathom,/blog/posthog-vs-fathom,Blog,Blog: posthog vs fathom
Product Analytics,best amplitude alternatives,/blog/best-amplitude-alternatives,Blog,Competitor comparison
Product Analytics,best mixpanel alternatives,/blog/best-mixpanel-alternatives,Blog,Competitor comparison
Product Analytics,best heap alternatives,/blog/best-heap-alternatives,Blog,Competitor comparison
Product Analytics,best pendo alternatives,/blog/best-pendo-alternatives,Blog,Competitor comparison
Product Analytics,best matomo alternatives,/blog/best-matomo-alternatives,Blog,Competitor comparison
Product Analytics,best plausible alternatives,/blog/best-plausible-alternatives,Blog,Competitor comparison
Product Analytics,best fathom alternatives,/blog/best-fathom-alternatives,Blog,Competitor comparison
Product Analytics,ga4 alternatives,/blog/ga4-alternatives,Blog,Competitor comparison
Product Analytics,best open source analytics tools,/blog/best-open-source-analytics-tools,Blog,Competitor comparison
Product Analytics,best gdpr compliant analytics tools,/blog/best-gdpr-compliant-analytics-tools,Blog,Competitor comparison
Product Analytics,best hipaa compliant analytics tools,/blog/best-hipaa-compliant-analytics-tools,Blog,Competitor comparison
Product Analytics,google analytics cost,/blog/google-analytics-cost,Blog,Competitor comparison
Product Analytics,google analytics to posthog,/blog/google-analytics-to-posthog,Blog,Competitor comparison
Product Analytics,best adobe analytics alternatives,/blog/best-adobe-analytics-alternatives,Blog,Competitor comparison
Product Analytics,misconceptions about analytics,/newsletter/misconceptions-about-analytics,Newsletter,Newsletter: misconceptions about analytics
Product Analytics,ab testing,/newsletter/ab-testing,Newsletter,Newsletter: ab testing
Product Analytics,product analytics,/product-engineers/product-analytics,Prod. Engineers,Engineering guide: product analytics
Product Analytics,behavioral analytics,/product-engineers/behavioral-analytics,Prod. Engineers,Engineering guide: behavioral analytics
Product Analytics,sql for analytics,/product-engineers/sql-for-analytics,Prod. Engineers,Engineering guide: sql for analytics
Product Analytics,aarrr pirate funnel,/product-engineers/aarrr-pirate-funnel,Prod. Engineers,Engineering guide: aarrr pirate funnel
Product Analytics,b2b saas product metrics,/product-engineers/b2b-saas-product-metrics,Prod. Engineers,Engineering guide: b2b saas product metrics
Product Analytics,product metrics,/product-engineers/product-metrics,Prod. Engineers,Engineering guide: product metrics
Product Analytics,product health metrics,/product-engineers/product-health-metrics,Prod. Engineers,Engineering guide: product health metrics
Product Analytics,measuring feature success,/product-engineers/measuring-feature-success,Prod. Engineers,Engineering guide: measuring feature success
Product Analytics,customer retention metrics,/product-engineers/customer-retention-metrics,Prod. Engineers,Engineering guide: customer retention metrics
Product Analytics,churn rate vs retention rate,/product-engineers/churn-rate-vs-retention-rate,Prod. Engineers,Engineering guide: churn rate vs retention rate
Product Analytics,product analytics,/founders/product-analytics,Founders,Founders: product analytics
Product Analytics,product metrics,/founders/product-metrics,Founders,Founders: product metrics
Product Analytics,early stage analytics,/founders/early-stage-analytics,Founders,Founders: early stage analytics
Product Analytics,north star metrics,/founders/north-star-metrics,Founders,Founders: north star metrics
Product Analytics,product analytics,/tutorials/product-analytics,Tutorial,Tutorial: product analytics
Product Analytics,funnels,/tutorials/funnels,Tutorial,Tutorial: funnels
Product Analytics,retention,/tutorials/retention,Tutorial,Tutorial: retention
Product Analytics,trends,/tutorials/trends,Tutorial,Tutorial: trends
Product Analytics,lifecycle,/tutorials/lifecycle,Tutorial,Tutorial: lifecycle
Product Analytics,stickiness,/tutorials/stickiness,Tutorial,Tutorial: stickiness
Product Analytics,cohorts,/tutorials/cohorts,Tutorial,Tutorial: cohorts
Product Analytics,insights,/tutorials/insights,Tutorial,Tutorial: insights
Product Analytics,dashboards,/tutorials/dashboards,Tutorial,Tutorial: dashboards
Product Analytics,hogql,/tutorials/hogql,Tutorial,Tutorial: hogql
Product Analytics,actions,/tutorials/actions,Tutorial,Tutorial: actions
Product Analytics,events,/tutorials/events,Tutorial,Tutorial: events
Product Analytics,filters,/tutorials/filters,Tutorial,Tutorial: filters
Product Analytics,property filter,/tutorials/property-filter,Tutorial,Tutorial: property filter
Product Analytics,persons,/tutorials/persons,Tutorial,Tutorial: persons
Product Analytics,group analytics,/tutorials/group-analytics,Tutorial,Tutorial: group analytics
Product Analytics,user paths,/tutorials/user-paths,Tutorial,Tutorial: user paths
Product Analytics,sessions,/tutorials/sessions,Tutorial,Tutorial: sessions
Product Analytics,session metrics,/tutorials/session-metrics,Tutorial,Tutorial: session metrics
Product Analytics,time breakdowns,/tutorials/time-breakdowns,Tutorial,Tutorial: time breakdowns
Product Analytics,dau mau ratio,/tutorials/dau-mau-ratio,Tutorial,Tutorial: dau mau ratio
Product Analytics,power users,/tutorials/power-users,Tutorial,Tutorial: power users
Product Analytics,feature retention,/tutorials/feature-retention,Tutorial,Tutorial: feature retention
Product Analytics,scroll depth,/tutorials/scroll-depth,Tutorial,Tutorial: scroll depth
Product Analytics,time on page,/tutorials/time-on-page,Tutorial,Tutorial: time on page
Product Analytics,bounce rate,/tutorials/bounce-rate,Tutorial,Tutorial: bounce rate
Product Analytics,performance metrics,/tutorials/performance-metrics,Tutorial,Tutorial: performance metrics
Product Analytics,heatmaps,/tutorials/heatmaps,Tutorial,Tutorial: heatmaps
Product Analytics,toolbar,/tutorials/toolbar,Tutorial,Tutorial: toolbar
Product Analytics,sql,/tutorials/sql,Tutorial,Tutorial: sql
Product Analytics,array filter breakdown,/tutorials/array-filter-breakdown,Tutorial,Tutorial: array filter breakdown
Product Analytics,hogql breakdowns,/tutorials/hogql-breakdowns,Tutorial,Tutorial: hogql breakdowns
Product Analytics,hogql date time filters,/tutorials/hogql-date-time-filters,Tutorial,Tutorial: hogql date time filters
Product Analytics,hogql sum aggregation,/tutorials/hogql-sum-aggregation,Tutorial,Tutorial: hogql sum aggregation
Product Analytics,hogql autocapture,/tutorials/hogql-autocapture,Tutorial,Tutorial: hogql autocapture
Product Analytics,csv query,/tutorials/csv-query,Tutorial,Tutorial: csv query
Product Analytics,data management,/tutorials/data-management,Tutorial,Tutorial: data management
Product Analytics,event tracking guide,/tutorials/event-tracking-guide,Tutorial,Tutorial: event tracking guide
Product Analytics,track new returning users,/tutorials/track-new-returning-users,Tutorial,Tutorial: track new returning users
Product Analytics,first last touch attribution,/tutorials/first-last-touch-attribution,Tutorial,Tutorial: first last touch attribution
Product Analytics,embedded analytics,/tutorials/embedded-analytics,Tutorial,Tutorial: embedded analytics
Product Analytics,next steps after installing,/tutorials/next-steps-after-installing,Tutorial,Tutorial: next steps after installing
Product Analytics,how to rename events,/tutorials/how-to-rename-events,Tutorial,Tutorial: how to rename events
Product Analytics,fewer unwanted events,/tutorials/fewer-unwanted-events,Tutorial,Tutorial: fewer unwanted events
Product Analytics,single page app pageviews,/tutorials/single-page-app-pageviews,Tutorial,Tutorial: single page app pageviews
Product Analytics,cross domain tracking,/tutorials/cross-domain-tracking,Tutorial,Tutorial: cross domain tracking
Product Analytics,css selectors for actions,/tutorials/css-selectors-for-actions,Tutorial,Tutorial: css selectors for actions
Product Analytics,recharts,/tutorials/recharts,Tutorial,Tutorial: recharts
Product Analytics,react charts,/tutorials/react-charts,Tutorial,Tutorial: react charts
Product Analytics,subscriptions,/tutorials/subscriptions,Tutorial,Tutorial: subscriptions
Product Analytics,settings,/tutorials/settings,Tutorial,Tutorial: settings
Product Analytics,migrate from google analytics,/docs/migrate/google-analytics,Docs,Migration guide
Product Analytics,migrate from heap,/docs/migrate/heap,Docs,Migration guide
Product Analytics,migrate from matomo,/docs/migrate/matomo,Docs,Migration guide
Product Analytics,migrate from migrate from amplitude,/docs/migrate/migrate-from-amplitude,Docs,Migration guide
Product Analytics,migrate from mixpanel,/docs/migrate/mixpanel,Docs,Migration guide
Product Analytics,migrate from pendo,/docs/migrate/pendo,Docs,Migration guide
Product Analytics,migrate from plausible,/docs/migrate/plausible,Docs,Migration guide
Session Replay,session replay,/session-replay,Product page,General session replay mentions
Session Replay,session replay docs,/docs/session-replay,Docs,Technical docs references
Session Replay,canvas recording,/docs/session-replay/canvas-recording,Docs,Canvas Recording feature or configuration
Session Replay,console log recording,/docs/session-replay/console-log-recording,Docs,Console Log Recording feature or configuration
Session Replay,how to control which sessions you record,/docs/session-replay/how-to-control-which-sessions-you-record,Docs,How To Control Which Sessions You Record feature or configuration
Session Replay,how to watch recordings,/docs/session-replay/how-to-watch-recordings,Docs,How To Watch Recordings feature or configuration
Session Replay,iframes,/docs/session-replay/iframes,Docs,Iframes feature or configuration
Session Replay,installation,/docs/session-replay/installation,Docs,"Setup, getting started, SDKs"
Session Replay,integrations,/docs/session-replay/integrations,Docs,Integrations feature or configuration
Session Replay,mobile,/docs/session-replay/mobile,Docs,Mobile feature or configuration
Session Replay,network recording,/docs/session-replay/network-recording,Docs,Network Recording feature or configuration
Session Replay,privacy,/docs/session-replay/privacy,Docs,Privacy feature or configuration
Session Replay,recording retention,/docs/session-replay/recording-retention,Docs,Recording Retention feature or configuration
Session Replay,sharing,/docs/session-replay/sharing,Docs,Sharing feature or configuration
Session Replay,snapshot api,/docs/session-replay/snapshot-api,Docs,Snapshot Api feature or configuration
Session Replay,troubleshooting,/docs/session-replay/troubleshooting,Docs,"Debugging, missing data, fixes"
Session Replay,tutorials,/docs/session-replay/tutorials,Docs,"Learning resources, how-to content"
Session Replay,heatmaps,/heatmaps,Product page,Heatmaps feature page
Session Replay,toolbar,/toolbar,Product page,Toolbar feature page
Session Replay,heatmaps docs,/docs/toolbar/heatmaps,Docs,Heatmaps documentation
Session Replay,missing recordings,/blog/missing-recordings,Blog,Blog: missing recordings
Session Replay,mobile session replay,/blog/mobile-session-replay,Blog,Blog: mobile session replay
Session Replay,session recording performance,/blog/session-recording-performance,Blog,Blog: session recording performance
Session Replay,session replay pricing,/blog/session-replay-pricing,Blog,Blog: session replay pricing
Session Replay,best session replay tools,/blog/best-session-replay-tools,Blog,Blog: best session replay tools
Session Replay,best open source session replay tools,/blog/best-open-source-session-replay-tools,Blog,Blog: best open source session replay tools
Session Replay,best hotjar alternatives,/blog/best-hotjar-alternatives,Blog,Blog: best hotjar alternatives
Session Replay,best fullstory alternatives,/blog/best-fullstory-alternatives,Blog,Blog: best fullstory alternatives
Session Replay,best logrocket alternatives,/blog/best-logrocket-alternatives,Blog,Blog: best logrocket alternatives
Session Replay,best mouseflow alternatives,/blog/best-mouseflow-alternatives,Blog,Blog: best mouseflow alternatives
Session Replay,best microsoft clarity alternatives,/blog/best-microsoft-clarity-alternatives,Blog,Blog: best microsoft clarity alternatives
Session Replay,best uxcam alternatives,/blog/best-uxcam-alternatives,Blog,Blog: best uxcam alternatives
Session Replay,posthog vs hotjar,/blog/posthog-vs-hotjar,Blog,Blog: posthog vs hotjar
Session Replay,posthog vs fullstory,/blog/posthog-vs-fullstory,Blog,Blog: posthog vs fullstory
Session Replay,posthog vs logrocket,/blog/posthog-vs-logrocket,Blog,Blog: posthog vs logrocket
Session Replay,best contentsquare alternatives,/blog/best-contentsquare-alternatives,Blog,Competitor comparison
Session Replay,session replay,/product-engineers/session-replay,Prod. Engineers,Engineering guide: session replay
Session Replay,real user monitoring,/product-engineers/real-user-monitoring,Prod. Engineers,Engineering guide: real user monitoring
Session Replay,session replay,/tutorials/session-replay,Tutorial,Tutorial: session replay
Session Replay,session replays,/tutorials/session-replays,Tutorial,Tutorial: session replays
Session Replay,filter session recordings,/tutorials/filter-session-recordings,Tutorial,Tutorial: filter session recordings
Session Replay,limit session recordings,/tutorials/limit-session-recordings,Tutorial,Tutorial: limit session recordings
Session Replay,explore insights session recordings,/tutorials/explore-insights-session-recordings,Tutorial,Tutorial: explore insights session recordings
Session Replay,heatmaps,/tutorials/heatmaps,Tutorial,Tutorial: heatmaps
Session Replay,react heatmap,/tutorials/react-heatmap,Tutorial,Tutorial: react heatmap
Session Replay,toolbar,/tutorials/toolbar,Tutorial,Tutorial: toolbar
Session Replay,session recordings for support,/tutorials/session-recordings-for-support,Tutorial,Tutorial: session recordings for support
Session Replay,session recordings in slack,/tutorials/session-recordings-in-slack,Tutorial,Tutorial: session recordings in slack
Session Replay,intercom session replays,/tutorials/intercom-session-replays,Tutorial,Tutorial: intercom session replays
Session Replay,zendesk session replays,/tutorials/zendesk-session-replays,Tutorial,Tutorial: zendesk session replays
Session Replay,ios session replay,/tutorials/ios-session-replay,Tutorial,Tutorial: ios session replay
Session Replay,android session replay,/tutorials/android-session-replay,Tutorial,Tutorial: android session replay
Feature Flags,feature flags,/feature-flags,Product page,General feature flags mentions
Feature Flags,feature flags docs,/docs/feature-flags,Docs,Technical docs references
Feature Flags,adding feature flag code,/docs/feature-flags/adding-feature-flag-code,Docs,Adding Feature Flag Code feature or configuration
Feature Flags,best practices,/docs/feature-flags/best-practices,Docs,Best practices and tips
Feature Flags,bootstrapping,/docs/feature-flags/bootstrapping,Docs,Bootstrapping feature or configuration
Feature Flags,canary release,/docs/feature-flags/canary-release,Docs,Canary Release feature or configuration
Feature Flags,creating feature flags,/docs/feature-flags/creating-feature-flags,Docs,Creating Feature Flags feature or configuration
Feature Flags,cutting costs,/docs/feature-flags/cutting-costs,Docs,"Reducing costs, optimizing spend"
Feature Flags,dependencies,/docs/feature-flags/dependencies,Docs,Dependencies feature or configuration
Feature Flags,early access feature management,/docs/feature-flags/early-access-feature-management,Docs,Early Access Feature Management feature or configuration
Feature Flags,evaluation contexts,/docs/feature-flags/evaluation-contexts,Docs,Evaluation Contexts feature or configuration
Feature Flags,installation,/docs/feature-flags/installation,Docs,"Setup, getting started, SDKs"
Feature Flags,local evaluation,/docs/feature-flags/local-evaluation,Docs,Local Evaluation feature or configuration
Feature Flags,distributed environments,/docs/feature-flags/local-evaluation/distributed-environments,Docs,Distributed Environments feature or configuration
Feature Flags,multi project feature flags,/docs/feature-flags/multi-project-feature-flags,Docs,Multi Project Feature Flags feature or configuration
Feature Flags,phased rollout,/docs/feature-flags/phased-rollout,Docs,Phased Rollout feature or configuration
Feature Flags,project wide settings,/docs/feature-flags/project-wide-settings,Docs,Project Wide Settings feature or configuration
Feature Flags,property overrides,/docs/feature-flags/property-overrides,Docs,Property Overrides feature or configuration
Feature Flags,remote config,/docs/feature-flags/remote-config,Docs,Remote Config feature or configuration
Feature Flags,scheduled flag changes,/docs/feature-flags/scheduled-flag-changes,Docs,Scheduled Flag Changes feature or configuration
Feature Flags,start here,/docs/feature-flags/start-here,Docs,Start Here feature or configuration
Feature Flags,targeting groups,/docs/feature-flags/targeting-groups,Docs,Targeting Groups feature or configuration
Feature Flags,testing,/docs/feature-flags/testing,Docs,Testing feature or configuration
Feature Flags,troubleshooting,/docs/feature-flags/troubleshooting,Docs,"Debugging, missing data, fixes"
Feature Flags,tutorials,/docs/feature-flags/tutorials,Docs,"Learning resources, how-to content"
Feature Flags,early access features,/early-access-features,Product page,Early Access Features feature page
Feature Flags,feature flag use cases docs,/docs/feature-flag-use-cases,Docs,Feature Flag Use Cases documentation
Feature Flags,what is a feature flag,/blog/what-is-a-feature-flag,Blog,Blog: what is a feature flag
Feature Flags,feature flags as a service,/blog/feature-flags-as-a-service,Blog,Blog: feature flags as a service
Feature Flags,even faster more reliable flags,/blog/even-faster-more-reliable-flags,Blog,Blog: even faster more reliable flags
Feature Flags,best launchdarkly alternatives,/blog/best-launchdarkly-alternatives,Blog,Blog: best launchdarkly alternatives
Feature Flags,best flagsmith alternatives,/blog/best-flagsmith-alternatives,Blog,Blog: best flagsmith alternatives
Feature Flags,best split alternatives,/blog/best-split-alternatives,Blog,Blog: best split alternatives
Feature Flags,best statsig alternatives,/blog/best-statsig-alternatives,Blog,Blog: best statsig alternatives
Feature Flags,posthog vs launchdarkly,/blog/posthog-vs-launchdarkly,Blog,Blog: posthog vs launchdarkly
Feature Flags,posthog vs statsig,/blog/posthog-vs-statsig,Blog,Blog: posthog vs statsig
Feature Flags,best growthbook alternatives,/blog/best-growthbook-alternatives,Blog,Competitor comparison
Feature Flags,feature flag mistakes,/newsletter/feature-flag-mistakes,Newsletter,Newsletter: feature flag mistakes
Feature Flags,feature flags,/product-engineers/feature-flags,Prod. Engineers,Engineering guide: feature flags
Feature Flags,feature management,/product-engineers/feature-management,Prod. Engineers,Engineering guide: feature management
Feature Flags,feature flags vs configuration,/product-engineers/feature-flags-vs-configuration,Prod. Engineers,Engineering guide: feature flags vs configuration
Feature Flags,decouple deployment from release,/product-engineers/decouple-deployment-from-release,Prod. Engineers,Engineering guide: decouple deployment from release
Feature Flags,github gitlab feature flags,/product-engineers/github-gitlab-feature-flags,Prod. Engineers,Engineering guide: github gitlab feature flags
Feature Flags,testing in production,/product-engineers/testing-in-production,Prod. Engineers,Engineering guide: testing in production
Feature Flags,trunk based development,/product-engineers/trunk-based-development,Prod. Engineers,Engineering guide: trunk based development
Feature Flags,feature flags,/tutorials/feature-flags,Tutorial,Tutorial: feature flags
Feature Flags,feature retention,/tutorials/feature-retention,Tutorial,Tutorial: feature retention
Feature Flags,one time feature flags,/tutorials/one-time-feature-flags,Tutorial,Tutorial: one time feature flags
Feature Flags,sticky feature flags,/tutorials/sticky-feature-flags,Tutorial,Tutorial: sticky feature flags
Feature Flags,fake door test,/tutorials/fake-door-test,Tutorial,Tutorial: fake door test
Feature Flags,public beta program,/tutorials/public-beta-program,Tutorial,Tutorial: public beta program
Feature Flags,bootstrap feature flags react,/tutorials/bootstrap-feature-flags-react,Tutorial,Tutorial: bootstrap feature flags react
Feature Flags,nextjs bootstrap flags,/tutorials/nextjs-bootstrap-flags,Tutorial,Tutorial: nextjs bootstrap flags
Feature Flags,test frontend feature flags,/tutorials/test-frontend-feature-flags,Tutorial,Tutorial: test frontend feature flags
Feature Flags,flags adblock prevention,/tutorials/flags-adblock-prevention,Tutorial,Tutorial: flags adblock prevention
Feature Flags,multiple environments,/tutorials/multiple-environments,Tutorial,Tutorial: multiple environments
Feature Flags,location based banner,/tutorials/location-based-banner,Tutorial,Tutorial: location based banner
Feature Flags,redirect testing,/tutorials/redirect-testing,Tutorial,Tutorial: redirect testing
Feature Flags,prevent fouc ab tests,/tutorials/prevent-fouc-ab-tests,Tutorial,Tutorial: prevent fouc ab tests
Feature Flags,evaluation runtimes and contexts,/tutorials/evaluation-runtimes-and-contexts,Tutorial,Tutorial: evaluation runtimes and contexts
Feature Flags,android feature flags,/tutorials/android-feature-flags,Tutorial,Tutorial: android feature flags
Feature Flags,ios feature flags,/tutorials/ios-feature-flags,Tutorial,Tutorial: ios feature flags
Feature Flags,flutter feature flags,/tutorials/flutter-feature-flags,Tutorial,Tutorial: flutter feature flags
Feature Flags,go feature flags,/tutorials/go-feature-flags,Tutorial,Tutorial: go feature flags
Feature Flags,laravel feature flags,/tutorials/laravel-feature-flags,Tutorial,Tutorial: laravel feature flags
Feature Flags,nuxt feature flags,/tutorials/nuxt-feature-flags,Tutorial,Tutorial: nuxt feature flags
Feature Flags,php feature flags,/tutorials/php-feature-flags,Tutorial,Tutorial: php feature flags
Feature Flags,python feature flags,/tutorials/python-feature-flags,Tutorial,Tutorial: python feature flags
Feature Flags,react feature flags,/tutorials/react-feature-flags,Tutorial,Tutorial: react feature flags
Feature Flags,vue feature flags,/tutorials/vue-feature-flags,Tutorial,Tutorial: vue feature flags
Feature Flags,api feature flags,/tutorials/api-feature-flags,Tutorial,Tutorial: api feature flags
Feature Flags,hash based routing,/tutorials/hash-based-routing,Tutorial,Tutorial: hash based routing
Feature Flags,migrate from launchdarkly,/docs/migrate/launchdarkly,Docs,Migration guide
Feature Flags,migrate from statsig,/docs/migrate/statsig,Docs,Migration guide
Experiments,experiments,/experiments,Product page,General experiments mentions
Experiments,experiments docs,/docs/experiments,Docs,Technical docs references
Experiments,adding experiment code,/docs/experiments/adding-experiment-code,Docs,Adding Experiment Code feature or configuration
Experiments,analyzing results,/docs/experiments/analyzing-results,Docs,Analyzing Results feature or configuration
Experiments,best practices,/docs/experiments/best-practices,Docs,Best practices and tips
Experiments,creating an experiment,/docs/experiments/creating-an-experiment,Docs,Creating An Experiment feature or configuration
Experiments,data warehouse,/docs/experiments/data-warehouse,Docs,Data Warehouse feature or configuration
Experiments,exposures,/docs/experiments/exposures,Docs,Exposures feature or configuration
Experiments,holdouts,/docs/experiments/holdouts,Docs,Holdouts feature or configuration
Experiments,installation,/docs/experiments/installation,Docs,"Setup, getting started, SDKs"
Experiments,legacy methodology,/docs/experiments/legacy-methodology,Docs,Legacy Methodology feature or configuration
Experiments,metrics,/docs/experiments/metrics,Docs,Metrics feature or configuration
Experiments,no code web experiments,/docs/experiments/no-code-web-experiments,Docs,No Code Web Experiments feature or configuration
Experiments,running experiments without feature flags,/docs/experiments/running-experiments-without-feature-flags,Docs,Running Experiments Without Feature Flags feature or configuration
Experiments,sample size running time,/docs/experiments/sample-size-running-time,Docs,Sample Size Running Time feature or configuration
Experiments,start here,/docs/experiments/start-here,Docs,Start Here feature or configuration
Experiments,statistics bayesian,/docs/experiments/statistics-bayesian,Docs,Statistics Bayesian feature or configuration
Experiments,statistics frequentist,/docs/experiments/statistics-frequentist,Docs,Statistics Frequentist feature or configuration
Experiments,testing and launching,/docs/experiments/testing-and-launching,Docs,Testing And Launching feature or configuration
Experiments,traffic allocation,/docs/experiments/traffic-allocation,Docs,Traffic Allocation feature or configuration
Experiments,troubleshooting,/docs/experiments/troubleshooting,Docs,"Debugging, missing data, fixes"
Experiments,tutorials,/docs/experiments/tutorials,Docs,"Learning resources, how-to content"
Experiments,experiments,/blog/experiments,Blog,Blog: experiments
Experiments,best optimizely alternatives,/blog/best-optimizely-alternatives,Blog,Blog: best optimizely alternatives
Experiments,best vwo alternatives,/blog/best-vwo-alternatives,Blog,Blog: best vwo alternatives
Experiments,best eppo alternatives,/blog/best-eppo-alternatives,Blog,Blog: best eppo alternatives
Experiments,best growthbook alternatives,/blog/best-growthbook-alternatives,Blog,Blog: best growthbook alternatives
Experiments,posthog vs optimizely,/blog/posthog-vs-optimizely,Blog,Blog: posthog vs optimizely
Experiments,posthog vs growthbook,/blog/posthog-vs-growthbook,Blog,Blog: posthog vs growthbook
Experiments,posthog vs statsig,/blog/posthog-vs-statsig,Blog,Blog: posthog vs statsig
Experiments,google optimize alternatives,/blog/google-optimize-alternatives,Blog,Blog: google optimize alternatives
Experiments,experiments,/newsletter/experiments,Newsletter,Newsletter: experiments
Experiments,ab testing,/newsletter/ab-testing,Newsletter,Newsletter: ab testing
Experiments,what we've learned about ab testing,/newsletter/what-we've-learned-about-ab-testing,Newsletter,Newsletter: what we've learned about ab testing
Experiments,ab testing,/product-engineers/ab-testing,Prod. Engineers,Engineering guide: ab testing
Experiments,experiments,/product-engineers/experiments,Prod. Engineers,Engineering guide: experiments
Experiments,ab testing examples,/product-engineers/ab-testing-examples,Prod. Engineers,Engineering guide: ab testing examples
Experiments,ab testing guide for engineers,/product-engineers/ab-testing-guide-for-engineers,Prod. Engineers,Engineering guide: ab testing guide for engineers
Experiments,ab testing mistakes,/product-engineers/ab-testing-mistakes,Prod. Engineers,Engineering guide: ab testing mistakes
Experiments,guardrail metrics,/product-engineers/guardrail-metrics,Prod. Engineers,Engineering guide: guardrail metrics
Experiments,how to do ab testing,/product-engineers/how-to-do-ab-testing,Prod. Engineers,Engineering guide: how to do ab testing
Experiments,running group targeted ab tests,/product-engineers/running-group-targeted-ab-tests,Prod. Engineers,Engineering guide: running group targeted ab tests
Experiments,experimentation,/tutorials/experimentation,Tutorial,Tutorial: experimentation
Experiments,experiments,/tutorials/experiments,Tutorial,Tutorial: experiments
Experiments,aa testing,/tutorials/aa-testing,Tutorial,Tutorial: aa testing
Experiments,abn testing,/tutorials/abn-testing,Tutorial,Tutorial: abn testing
Experiments,holdout testing,/tutorials/holdout-testing,Tutorial,Tutorial: holdout testing
Experiments,new user experiments,/tutorials/new-user-experiments,Tutorial,Tutorial: new user experiments
Experiments,android ab tests,/tutorials/android-ab-tests,Tutorial,Tutorial: android ab tests
Experiments,angular ab tests,/tutorials/angular-ab-tests,Tutorial,Tutorial: angular ab tests
Experiments,astro ab tests,/tutorials/astro-ab-tests,Tutorial,Tutorial: astro ab tests
Experiments,bubble ab tests,/tutorials/bubble-ab-tests,Tutorial,Tutorial: bubble ab tests
Experiments,django ab tests,/tutorials/django-ab-tests,Tutorial,Tutorial: django ab tests
Experiments,flutter ab tests,/tutorials/flutter-ab-tests,Tutorial,Tutorial: flutter ab tests
Experiments,framer ab tests,/tutorials/framer-ab-tests,Tutorial,Tutorial: framer ab tests
Experiments,go ab tests,/tutorials/go-ab-tests,Tutorial,Tutorial: go ab tests
Experiments,ios ab tests,/tutorials/ios-ab-tests,Tutorial,Tutorial: ios ab tests
Experiments,laravel ab tests,/tutorials/laravel-ab-tests,Tutorial,Tutorial: laravel ab tests
Experiments,nextjs ab tests,/tutorials/nextjs-ab-tests,Tutorial,Tutorial: nextjs ab tests
Experiments,nuxtjs ab tests,/tutorials/nuxtjs-ab-tests,Tutorial,Tutorial: nuxtjs ab tests
Experiments,php ab tests,/tutorials/php-ab-tests,Tutorial,Tutorial: php ab tests
Experiments,python ab testing,/tutorials/python-ab-testing,Tutorial,Tutorial: python ab testing
Experiments,react ab testing,/tutorials/react-ab-testing,Tutorial,Tutorial: react ab testing
Experiments,react native ab tests,/tutorials/react-native-ab-tests,Tutorial,Tutorial: react native ab tests
Experiments,remix ab tests,/tutorials/remix-ab-tests,Tutorial,Tutorial: remix ab tests
Experiments,ruby on rails ab tests,/tutorials/ruby-on-rails-ab-tests,Tutorial,Tutorial: ruby on rails ab tests
Experiments,svelte ab tests,/tutorials/svelte-ab-tests,Tutorial,Tutorial: svelte ab tests
Experiments,vue ab tests,/tutorials/vue-ab-tests,Tutorial,Tutorial: vue ab tests
Experiments,webflow ab tests,/tutorials/webflow-ab-tests,Tutorial,Tutorial: webflow ab tests
Experiments,node express ab tests,/tutorials/node-express-ab-tests,Tutorial,Tutorial: node express ab tests
Experiments,llm ab tests,/tutorials/llm-ab-tests,Tutorial,Tutorial: llm ab tests
Experiments,prevent fouc ab tests,/tutorials/prevent-fouc-ab-tests,Tutorial,Tutorial: prevent fouc ab tests
Experiments,redirect testing,/tutorials/redirect-testing,Tutorial,Tutorial: redirect testing
Surveys,surveys,/surveys,Product page,General surveys mentions
Surveys,surveys docs,/docs/surveys,Docs,Technical docs references
Surveys,conditional questions,/docs/surveys/conditional-questions,Docs,Conditional Questions feature or configuration
Surveys,creating surveys,/docs/surveys/creating-surveys,Docs,Creating Surveys feature or configuration
Surveys,destinations,/docs/surveys/destinations,Docs,Destinations feature or configuration
Surveys,implementing custom surveys,/docs/surveys/implementing-custom-surveys,Docs,Implementing Custom Surveys feature or configuration
Surveys,installation,/docs/surveys/installation,Docs,"Setup, getting started, SDKs"
Surveys,sdk feature support,/docs/surveys/sdk-feature-support,Docs,Sdk Feature Support feature or configuration
Surveys,setup,/docs/surveys/setup,Docs,Setup feature or configuration
Surveys,troubleshooting,/docs/surveys/troubleshooting,Docs,"Debugging, missing data, fixes"
Surveys,tutorials,/docs/surveys/tutorials,Docs,"Learning resources, how-to content"
Surveys,viewing results,/docs/surveys/viewing-results,Docs,Viewing Results feature or configuration
Surveys,why we made surveys,/blog/why-we-made-surveys,Blog,Blog: why we made surveys
Surveys,best sprig alternatives,/blog/best-sprig-alternatives,Blog,Blog: best sprig alternatives
Surveys,best survicate alternatives,/blog/best-survicate-alternatives,Blog,Blog: best survicate alternatives
Surveys,best userpilot alternatives,/blog/best-userpilot-alternatives,Blog,Blog: best userpilot alternatives
Surveys,user research,/newsletter/user-research,Newsletter,Newsletter: user research
Surveys,surveys,/product-engineers/surveys,Prod. Engineers,Engineering guide: surveys
Surveys,product survey questions,/product-engineers/product-survey-questions,Prod. Engineers,Engineering guide: product survey questions
Surveys,nps vs csat vs ces,/product-engineers/nps-vs-csat-vs-ces,Prod. Engineers,Engineering guide: nps vs csat vs ces
Surveys,how to create user personas,/product-engineers/how-to-create-user-personas,Prod. Engineers,Engineering guide: how to create user personas
Surveys,user research,/product-engineers/user-research,Prod. Engineers,Engineering guide: user research
Surveys,survey,/tutorials/survey,Tutorial,Tutorial: survey
Surveys,surveys,/tutorials/surveys,Tutorial,Tutorial: surveys
Surveys,analyze surveys with chatgpt,/tutorials/analyze-surveys-with-chatgpt,Tutorial,Tutorial: analyze surveys with chatgpt
Surveys,angular surveys,/tutorials/angular-surveys,Tutorial,Tutorial: angular surveys
Surveys,astro surveys,/tutorials/astro-surveys,Tutorial,Tutorial: astro surveys
Surveys,bubble surveys,/tutorials/bubble-surveys,Tutorial,Tutorial: bubble surveys
Surveys,framer surveys,/tutorials/framer-surveys,Tutorial,Tutorial: framer surveys
Surveys,nextjs surveys,/tutorials/nextjs-surveys,Tutorial,Tutorial: nextjs surveys
Surveys,nuxt surveys,/tutorials/nuxt-surveys,Tutorial,Tutorial: nuxt surveys
Surveys,react surveys,/tutorials/react-surveys,Tutorial,Tutorial: react surveys
Surveys,remix surveys,/tutorials/remix-surveys,Tutorial,Tutorial: remix surveys
Surveys,slack surveys,/tutorials/slack-surveys,Tutorial,Tutorial: slack surveys
Surveys,svelte surveys,/tutorials/svelte-surveys,Tutorial,Tutorial: svelte surveys
Surveys,vue surveys,/tutorials/vue-surveys,Tutorial,Tutorial: vue surveys
Surveys,webflow surveys,/tutorials/webflow-surveys,Tutorial,Tutorial: webflow surveys
Surveys,zapier surveys,/tutorials/zapier-surveys,Tutorial,Tutorial: zapier surveys
Surveys,beta feedback,/tutorials/beta-feedback,Tutorial,Tutorial: beta feedback
Surveys,feedback interviews site apps,/tutorials/feedback-interviews-site-apps,Tutorial,Tutorial: feedback interviews site apps
CDP / Data Pipeline,cdp,/cdp,Product page,General cdp / data pipeline mentions
CDP / Data Pipeline,cdp / data pipeline docs,/docs/cdp,Docs,Technical docs references
CDP / Data Pipeline,batch exports,/docs/cdp/batch-exports,Docs,Batch Exports feature or configuration
CDP / Data Pipeline,bigquery,/docs/cdp/batch-exports/bigquery,Docs,Bigquery feature or configuration
CDP / Data Pipeline,postgres,/docs/cdp/batch-exports/postgres,Docs,Postgres feature or configuration
CDP / Data Pipeline,redshift,/docs/cdp/batch-exports/redshift,Docs,Redshift feature or configuration
CDP / Data Pipeline,s3,/docs/cdp/batch-exports/s3,Docs,S3 feature or configuration
CDP / Data Pipeline,snowflake,/docs/cdp/batch-exports/snowflake,Docs,Snowflake feature or configuration
CDP / Data Pipeline,destinations,/docs/cdp/destinations,Docs,Destinations feature or configuration
CDP / Data Pipeline,braze,/docs/cdp/destinations/braze,Docs,Braze feature or configuration
CDP / Data Pipeline,customerio,/docs/cdp/destinations/customerio,Docs,Customerio feature or configuration
CDP / Data Pipeline,google ads,/docs/cdp/destinations/google-ads,Docs,Google Ads feature or configuration
CDP / Data Pipeline,google cloud storage,/docs/cdp/destinations/google-cloud-storage,Docs,Google Cloud Storage feature or configuration
CDP / Data Pipeline,hubspot,/docs/cdp/destinations/hubspot,Docs,Hubspot feature or configuration
CDP / Data Pipeline,intercom,/docs/cdp/destinations/intercom,Docs,Intercom feature or configuration
CDP / Data Pipeline,meta ads,/docs/cdp/destinations/meta-ads,Docs,Meta Ads feature or configuration
CDP / Data Pipeline,rudderstack,/docs/cdp/destinations/rudderstack,Docs,Rudderstack feature or configuration
CDP / Data Pipeline,salesforce,/docs/cdp/destinations/salesforce,Docs,Salesforce feature or configuration
CDP / Data Pipeline,slack,/docs/cdp/destinations/slack,Docs,Slack feature or configuration
CDP / Data Pipeline,webhook,/docs/cdp/destinations/webhook,Docs,Webhook feature or configuration
CDP / Data Pipeline,zapier,/docs/cdp/destinations/zapier,Docs,Zapier feature or configuration
CDP / Data Pipeline,sources,/docs/cdp/sources,Docs,Sources feature or configuration
CDP / Data Pipeline,hubspot,/docs/cdp/sources/hubspot,Docs,Hubspot feature or configuration
CDP / Data Pipeline,salesforce,/docs/cdp/sources/salesforce,Docs,Salesforce feature or configuration
CDP / Data Pipeline,stripe,/docs/cdp/sources/stripe,Docs,Stripe feature or configuration
CDP / Data Pipeline,data stack,/data-stack,Product page,Data Stack feature page
CDP / Data Pipeline,data docs,/docs/data,Docs,Data documentation
CDP / Data Pipeline,essential posthog apps,/blog/essential-posthog-apps,Blog,Blog: essential posthog apps
CDP / Data Pipeline,data pipelines,/blog/data-pipelines,Blog,Blog: data pipelines
CDP / Data Pipeline,cdp vs data warehouse,/blog/cdp-vs-data-warehouse,Blog,Blog: cdp vs data warehouse
CDP / Data Pipeline,data pipeline pricing,/blog/data-pipeline-pricing,Blog,Blog: data pipeline pricing
CDP / Data Pipeline,cdp,/tutorials/cdp,Tutorial,Tutorial: cdp
CDP / Data Pipeline,zapier,/tutorials/zapier,Tutorial,Tutorial: zapier
CDP / Data Pipeline,zapier surveys,/tutorials/zapier-surveys,Tutorial,Tutorial: zapier surveys
CDP / Data Pipeline,calendly webhooks,/tutorials/calendly-webhooks,Tutorial,Tutorial: calendly webhooks
CDP / Data Pipeline,rss item capture,/tutorials/rss-item-capture,Tutorial,Tutorial: rss item capture
CDP / Data Pipeline,variance connector,/tutorials/variance-connector,Tutorial,Tutorial: variance connector
Data Warehouse,data warehouse docs,/docs/data-warehouse,Docs,Technical docs references
Data Warehouse,cutting costs,/docs/data-warehouse/cutting-costs,Docs,"Reducing costs, optimizing spend"
Data Warehouse,insights,/docs/data-warehouse/insights,Docs,Insights feature or configuration
Data Warehouse,join,/docs/data-warehouse/join,Docs,Join feature or configuration
Data Warehouse,query,/docs/data-warehouse/query,Docs,Query feature or configuration
Data Warehouse,sources,/docs/data-warehouse/sources,Docs,Sources feature or configuration
Data Warehouse,attio,/docs/data-warehouse/sources/attio,Docs,Attio feature or configuration
Data Warehouse,azure blob,/docs/data-warehouse/sources/azure-blob,Docs,Azure Blob feature or configuration
Data Warehouse,azure db,/docs/data-warehouse/sources/azure-db,Docs,Azure Db feature or configuration
Data Warehouse,bigquery,/docs/data-warehouse/sources/bigquery,Docs,Bigquery feature or configuration
Data Warehouse,bing ads,/docs/data-warehouse/sources/bing-ads,Docs,Bing Ads feature or configuration
Data Warehouse,buildbetter,/docs/data-warehouse/sources/buildbetter,Docs,Buildbetter feature or configuration
Data Warehouse,chargebee,/docs/data-warehouse/sources/chargebee,Docs,Chargebee feature or configuration
Data Warehouse,clerk,/docs/data-warehouse/sources/clerk,Docs,Clerk feature or configuration
Data Warehouse,doit,/docs/data-warehouse/sources/doit,Docs,Doit feature or configuration
Data Warehouse,gcs,/docs/data-warehouse/sources/gcs,Docs,Gcs feature or configuration
Data Warehouse,github,/docs/data-warehouse/sources/github,Docs,Github feature or configuration
Data Warehouse,google ads,/docs/data-warehouse/sources/google-ads,Docs,Google Ads feature or configuration
Data Warehouse,google sheets,/docs/data-warehouse/sources/google-sheets,Docs,Google Sheets feature or configuration
Data Warehouse,hubspot,/docs/data-warehouse/sources/hubspot,Docs,Hubspot feature or configuration
Data Warehouse,klaviyo,/docs/data-warehouse/sources/klaviyo,Docs,Klaviyo feature or configuration
Data Warehouse,linear,/docs/data-warehouse/sources/linear,Docs,Linear feature or configuration
Data Warehouse,linkedin ads,/docs/data-warehouse/sources/linkedin-ads,Docs,Linkedin Ads feature or configuration
Data Warehouse,mailchimp,/docs/data-warehouse/sources/mailchimp,Docs,Mailchimp feature or configuration
Data Warehouse,meta ads,/docs/data-warehouse/sources/meta-ads,Docs,Meta Ads feature or configuration
Data Warehouse,mongodb,/docs/data-warehouse/sources/mongodb,Docs,Mongodb feature or configuration
Data Warehouse,mysql,/docs/data-warehouse/sources/mysql,Docs,Mysql feature or configuration
Data Warehouse,pinterest ads,/docs/data-warehouse/sources/pinterest-ads,Docs,Pinterest Ads feature or configuration
Data Warehouse,postgres,/docs/data-warehouse/sources/postgres,Docs,Postgres feature or configuration
Data Warehouse,posthog,/docs/data-warehouse/sources/posthog,Docs,Posthog feature or configuration
Data Warehouse,r2,/docs/data-warehouse/sources/r2,Docs,R2 feature or configuration
Data Warehouse,reddit ads,/docs/data-warehouse/sources/reddit-ads,Docs,Reddit Ads feature or configuration
Data Warehouse,redshift,/docs/data-warehouse/sources/redshift,Docs,Redshift feature or configuration
Data Warehouse,s3,/docs/data-warehouse/sources/s3,Docs,S3 feature or configuration
Data Warehouse,salesforce,/docs/data-warehouse/sources/salesforce,Docs,Salesforce feature or configuration
Data Warehouse,shopify,/docs/data-warehouse/sources/shopify,Docs,Shopify feature or configuration
Data Warehouse,snapchat ads,/docs/data-warehouse/sources/snapchat-ads,Docs,Snapchat Ads feature or configuration
Data Warehouse,snowflake,/docs/data-warehouse/sources/snowflake,Docs,Snowflake feature or configuration
Data Warehouse,stripe,/docs/data-warehouse/sources/stripe,Docs,Stripe feature or configuration
Data Warehouse,temporal,/docs/data-warehouse/sources/temporal,Docs,Temporal feature or configuration
Data Warehouse,tiktok ads,/docs/data-warehouse/sources/tiktok-ads,Docs,Tiktok Ads feature or configuration
Data Warehouse,vitally,/docs/data-warehouse/sources/vitally,Docs,Vitally feature or configuration
Data Warehouse,zendesk,/docs/data-warehouse/sources/zendesk,Docs,Zendesk feature or configuration
Data Warehouse,sql,/docs/data-warehouse/sql,Docs,Sql feature or configuration
Data Warehouse,data access,/docs/data-warehouse/sql/data-access,Docs,Data Access feature or configuration
Data Warehouse,useful functions,/docs/data-warehouse/sql/useful-functions,Docs,Useful Functions feature or configuration
Data Warehouse,variables,/docs/data-warehouse/sql/variables,Docs,Variables feature or configuration
Data Warehouse,start here,/docs/data-warehouse/start-here,Docs,Start Here feature or configuration
Data Warehouse,troubleshooting,/docs/data-warehouse/troubleshooting,Docs,"Debugging, missing data, fixes"
Data Warehouse,tutorials,/docs/data-warehouse/tutorials,Docs,"Learning resources, how-to content"
Data Warehouse,under the hood,/docs/data-warehouse/under-the-hood,Docs,Under The Hood feature or configuration
Data Warehouse,views,/docs/data-warehouse/views,Docs,Views feature or configuration
Data Warehouse,materialize,/docs/data-warehouse/views/materialize,Docs,Materialize feature or configuration
Data Warehouse,data stack,/data-stack,Product page,Data Stack feature page
Data Warehouse,bi,/bi,Product page,Bi feature page
Data Warehouse,data warehouse,/blog/data-warehouse,Blog,Blog: data warehouse
Data Warehouse,why you should use a data warehouse,/blog/why-you-should-use-a-data-warehouse,Blog,Blog: why you should use a data warehouse
Data Warehouse,data warehouse at posthog,/blog/data-warehouse-at-posthog,Blog,Blog: data warehouse at posthog
Data Warehouse,data warehouse launch,/blog/data-warehouse-launch,Blog,Blog: data warehouse launch
Data Warehouse,modern data stack sucks,/blog/modern-data-stack-sucks,Blog,Blog: modern data stack sucks
Data Warehouse,cdp vs data warehouse,/blog/cdp-vs-data-warehouse,Blog,Blog: cdp vs data warehouse
Data Warehouse,clickhouse vs bigquery,/blog/clickhouse-vs-bigquery,Blog,Blog: clickhouse vs bigquery
Data Warehouse,clickhouse vs snowflake,/blog/clickhouse-vs-snowflake,Blog,Blog: clickhouse vs snowflake
Data Warehouse,clickhouse vs redshift,/blog/clickhouse-vs-redshift,Blog,Blog: clickhouse vs snowflake
Data Warehouse,clickhouse vs postgres,/blog/clickhouse-vs-postgres,Blog,Blog: clickhouse vs postgres
Data Warehouse,clickhouse vs druid,/blog/clickhouse-vs-druid,Blog,Blog: clickhouse vs druid
Data Warehouse,clickhouse vs elasticsearch,/blog/clickhouse-vs-elasticsearch,Blog,Blog: clickhouse vs elasticsearch
Data Warehouse,data warehouse,/tutorials/data-warehouse,Tutorial,Tutorial: data warehouse
Data Warehouse,csv query,/tutorials/csv-query,Tutorial,Tutorial: csv query
Data Warehouse,supabase query,/tutorials/supabase-query,Tutorial,Tutorial: supabase query
Data Warehouse,stripe reports,/tutorials/stripe-reports,Tutorial,Tutorial: stripe reports
Data Warehouse,hubspot reports,/tutorials/hubspot-reports,Tutorial,Tutorial: hubspot reports
Data Warehouse,zendesk reports,/tutorials/zendesk-reports,Tutorial,Tutorial: zendesk reports
Data Warehouse,google ads reports,/tutorials/google-ads-reports,Tutorial,Tutorial: google ads reports
Web Analytics,web analytics,/web-analytics,Product page,General web analytics mentions
Web Analytics,web analytics docs,/docs/web-analytics,Docs,Technical docs references
Web Analytics,conversion goals,/docs/web-analytics/conversion-goals,Docs,Conversion Goals feature or configuration
Web Analytics,dashboard,/docs/web-analytics/dashboard,Docs,Dashboard feature or configuration
Web Analytics,getting started,/docs/web-analytics/getting-started,Docs,Getting Started feature or configuration
Web Analytics,installation,/docs/web-analytics/installation,Docs,"Setup, getting started, SDKs"
Web Analytics,marketing analytics,/docs/web-analytics/marketing-analytics,Docs,Marketing Analytics feature or configuration
Web Analytics,marketing analytics schema,/docs/web-analytics/marketing-analytics-schema,Docs,Marketing Analytics Schema feature or configuration
Web Analytics,troubleshooting,/docs/web-analytics/troubleshooting,Docs,"Debugging, missing data, fixes"
Web Analytics,web vitals,/docs/web-analytics/web-vitals,Docs,Web Vitals feature or configuration
Web Analytics,web vs product analytics,/docs/web-analytics/web-vs-product-analytics,Docs,Web Vs Product Analytics feature or configuration
Web Analytics,google analytics alternative,/google-analytics-alternative,Product page,Google Analytics Alternative feature page
Web Analytics,best web analytics tools,/blog/best-web-analytics-tools,Blog,Blog: best web analytics tools
Web Analytics,posthog vs ga4,/blog/posthog-vs-ga4,Blog,Blog: posthog vs ga4
Web Analytics,ga4 alternatives,/blog/ga4-alternatives,Blog,Blog: ga4 alternatives
Web Analytics,google analytics cost,/blog/google-analytics-cost,Blog,Blog: google analytics cost
Web Analytics,google analytics to posthog,/blog/google-analytics-to-posthog,Blog,Blog: google analytics to posthog
Web Analytics,is google analytics hipaa compliant,/blog/is-google-analytics-hipaa-compliant,Blog,Blog: is google analytics hipaa compliant
Web Analytics,cookieless analytics,/blog/cookieless-analytics,Blog,Blog: cookieless analytics
Web Analytics,best plausible alternatives,/blog/best-plausible-alternatives,Blog,Blog: best plausible alternatives
Web Analytics,best fathom alternatives,/blog/best-fathom-alternatives,Blog,Blog: best fathom alternatives
Web Analytics,best matomo alternatives,/blog/best-matomo-alternatives,Blog,Blog: best matomo alternatives
Web Analytics,posthog vs matomo,/blog/posthog-vs-matomo,Blog,Blog: posthog vs matomo
Web Analytics,posthog vs plausible,/blog/posthog-vs-plausible,Blog,Blog: posthog vs plausible
Web Analytics,posthog vs fathom,/blog/posthog-vs-fathom,Blog,Blog: posthog vs fathom
Web Analytics,best gdpr compliant analytics tools,/blog/best-gdpr-compliant-analytics-tools,Blog,Blog: best gdpr compliant analytics tools
Web Analytics,web analytics,/tutorials/web-analytics,Tutorial,Tutorial: web analytics
Web Analytics,bounce rate,/tutorials/bounce-rate,Tutorial,Tutorial: bounce rate
Web Analytics,time on page,/tutorials/time-on-page,Tutorial,Tutorial: time on page
Web Analytics,scroll depth,/tutorials/scroll-depth,Tutorial,Tutorial: scroll depth
Web Analytics,performance metrics,/tutorials/performance-metrics,Tutorial,Tutorial: performance metrics
Web Analytics,cookieless tracking,/tutorials/cookieless-tracking,Tutorial,Tutorial: cookieless tracking
Web Analytics,cross domain tracking,/tutorials/cross-domain-tracking,Tutorial,Tutorial: cross domain tracking
Web Analytics,single page app pageviews,/tutorials/single-page-app-pageviews,Tutorial,Tutorial: single page app pageviews
Web Analytics,performance marketing,/tutorials/performance-marketing,Tutorial,Tutorial: performance marketing
Web Analytics,track new returning users,/tutorials/track-new-returning-users,Tutorial,Tutorial: track new returning users
Web Analytics,first last touch attribution,/tutorials/first-last-touch-attribution,Tutorial,Tutorial: first last touch attribution
Web Analytics,wix analytics,/tutorials/wix-analytics,Tutorial,Tutorial: wix analytics
Web Analytics,squarespace analytics,/tutorials/squarespace-analytics,Tutorial,Tutorial: squarespace analytics
Web Analytics,ghost analytics,/tutorials/ghost-analytics,Tutorial,Tutorial: ghost analytics
Web Analytics,carrd analytics,/tutorials/carrd-analytics,Tutorial,Tutorial: carrd analytics
Web Analytics,webflow,/tutorials/webflow,Tutorial,Tutorial: webflow
Web Analytics,migrate from google analytics,/docs/migrate/google-analytics,Docs,Migration guide
Error Tracking,error tracking,/error-tracking,Product page,General error tracking mentions
Error Tracking,error tracking docs,/docs/error-tracking,Docs,Technical docs references
Error Tracking,alerts,/docs/error-tracking/alerts,Docs,Alerts feature or configuration
Error Tracking,assigning issues,/docs/error-tracking/assigning-issues,Docs,Assigning Issues feature or configuration
Error Tracking,capture,/docs/error-tracking/capture,Docs,Capture feature or configuration
Error Tracking,code variables,/docs/error-tracking/code-variables,Docs,Code Variables feature or configuration
Error Tracking,python,/docs/error-tracking/code-variables/python,Docs,Python feature or configuration
Error Tracking,debugging with mcp,/docs/error-tracking/debugging-with-mcp,Docs,Debugging With Mcp feature or configuration
Error Tracking,error tracking diagram,/docs/error-tracking/error-tracking-diagram,Docs,Error Tracking Diagram feature or configuration
Error Tracking,fingerprints,/docs/error-tracking/fingerprints,Docs,Fingerprints feature or configuration
Error Tracking,fix with ai prompts,/docs/error-tracking/fix-with-ai-prompts,Docs,Fix With Ai Prompts feature or configuration
Error Tracking,grouping issues,/docs/error-tracking/grouping-issues,Docs,Grouping Issues feature or configuration
Error Tracking,installation,/docs/error-tracking/installation,Docs,"Setup, getting started, SDKs"
Error Tracking,integrations,/docs/error-tracking/integrations,Docs,Integrations feature or configuration
Error Tracking,issues and exceptions,/docs/error-tracking/issues-and-exceptions,Docs,Issues And Exceptions feature or configuration
Error Tracking,managing issues,/docs/error-tracking/managing-issues,Docs,Managing Issues feature or configuration
Error Tracking,monitoring,/docs/error-tracking/monitoring,Docs,Monitoring feature or configuration
Error Tracking,pricing,/docs/error-tracking/pricing,Docs,Pricing feature or configuration
Error Tracking,references,/docs/error-tracking/references,Docs,References feature or configuration
Error Tracking,releases,/docs/error-tracking/releases,Docs,Releases feature or configuration
Error Tracking,stack traces,/docs/error-tracking/stack-traces,Docs,Stack Traces feature or configuration
Error Tracking,start here,/docs/error-tracking/start-here,Docs,Start Here feature or configuration
Error Tracking,troubleshooting,/docs/error-tracking/troubleshooting,Docs,"Debugging, missing data, fixes"
Error Tracking,tutorials,/docs/error-tracking/tutorials,Docs,"Learning resources, how-to content"
Error Tracking,android,/docs/error-tracking/upload-mappings/android,Docs,Android feature or configuration
Error Tracking,upload source maps,/docs/error-tracking/upload-source-maps,Docs,Upload Source Maps feature or configuration
Error Tracking,angular,/docs/error-tracking/upload-source-maps/angular,Docs,Angular feature or configuration
Error Tracking,cli,/docs/error-tracking/upload-source-maps/cli,Docs,Cli feature or configuration
Error Tracking,flutter,/docs/error-tracking/upload-source-maps/flutter,Docs,Flutter feature or configuration
Error Tracking,github actions,/docs/error-tracking/upload-source-maps/github-actions,Docs,Github Actions feature or configuration
Error Tracking,nextjs,/docs/error-tracking/upload-source-maps/nextjs,Docs,Nextjs feature or configuration
Error Tracking,node,/docs/error-tracking/upload-source-maps/node,Docs,Node feature or configuration
Error Tracking,nuxt,/docs/error-tracking/upload-source-maps/nuxt,Docs,Nuxt feature or configuration
Error Tracking,react,/docs/error-tracking/upload-source-maps/react,Docs,React feature or configuration
Error Tracking,react native,/docs/error-tracking/upload-source-maps/react-native,Docs,React Native feature or configuration
Error Tracking,rollup,/docs/error-tracking/upload-source-maps/rollup,Docs,Rollup feature or configuration
Error Tracking,vite,/docs/error-tracking/upload-source-maps/vite,Docs,Vite feature or configuration
Error Tracking,web,/docs/error-tracking/upload-source-maps/web,Docs,Web feature or configuration
Error Tracking,webpack,/docs/error-tracking/upload-source-maps/webpack,Docs,Webpack feature or configuration
Error Tracking,best error tracking tools,/blog/best-error-tracking-tools,Blog,Blog: best error tracking tools
Error Tracking,best sentry alternatives,/blog/best-sentry-alternatives,Blog,Blog: best sentry alternatives
Error Tracking,best rollbar alternatives,/blog/best-rollbar-alternatives,Blog,Blog: best rollbar alternatives
Error Tracking,best datadog alternatives,/blog/best-datadog-alternatives,Blog,Blog: best datadog alternatives
Error Tracking,posthog vs sentry,/blog/posthog-vs-sentry,Blog,Blog: posthog vs sentry
Error Tracking,error tracking,/tutorials/error-tracking,Tutorial,Tutorial: error tracking
Error Tracking,sentry,/tutorials/sentry,Tutorial,Tutorial: sentry
Error Tracking,nextjs error monitoring,/tutorials/nextjs-error-monitoring,Tutorial,Tutorial: nextjs error monitoring
Error Tracking,python error tracking,/tutorials/python-error-tracking,Tutorial,Tutorial: python error tracking
Error Tracking,react error tracking,/tutorials/react-error-tracking,Tutorial,Tutorial: react error tracking
LLM Analytics,llm analytics,/llm-analytics,Product page,General llm analytics mentions
LLM Analytics,llm analytics docs,/docs/llm-analytics,Docs,Technical docs references
LLM Analytics,basics,/docs/llm-analytics/basics,Docs,Basics feature or configuration
LLM Analytics,calculating costs,/docs/llm-analytics/calculating-costs,Docs,Calculating Costs feature or configuration
LLM Analytics,clusters,/docs/llm-analytics/clusters,Docs,Clusters feature or configuration
LLM Analytics,collect user feedback,/docs/llm-analytics/collect-user-feedback,Docs,Collect User Feedback feature or configuration
LLM Analytics,custom properties,/docs/llm-analytics/custom-properties,Docs,Custom Properties feature or configuration
LLM Analytics,dashboard,/docs/llm-analytics/dashboard,Docs,Dashboard feature or configuration
LLM Analytics,embeddings,/docs/llm-analytics/embeddings,Docs,Embeddings feature or configuration
LLM Analytics,errors,/docs/llm-analytics/errors,Docs,Errors feature or configuration
LLM Analytics,evaluations,/docs/llm-analytics/evaluations,Docs,Evaluations feature or configuration
LLM Analytics,generations,/docs/llm-analytics/generations,Docs,Generations feature or configuration
LLM Analytics,installation,/docs/llm-analytics/installation,Docs,"Setup, getting started, SDKs"
LLM Analytics,integrations,/docs/llm-analytics/integrations,Docs,Integrations feature or configuration
LLM Analytics,helicone posthog,/docs/llm-analytics/integrations/helicone-posthog,Docs,Helicone Posthog feature or configuration
LLM Analytics,keywords ai posthog,/docs/llm-analytics/integrations/keywords-ai-posthog,Docs,Keywords Ai Posthog feature or configuration
LLM Analytics,langfuse posthog,/docs/llm-analytics/integrations/langfuse-posthog,Docs,Langfuse Posthog feature or configuration
LLM Analytics,traceloop posthog,/docs/llm-analytics/integrations/traceloop-posthog,Docs,Traceloop Posthog feature or configuration
LLM Analytics,link error tracking,/docs/llm-analytics/link-error-tracking,Docs,Link Error Tracking feature or configuration
LLM Analytics,link session replay,/docs/llm-analytics/link-session-replay,Docs,Link Session Replay feature or configuration
LLM Analytics,privacy mode,/docs/llm-analytics/privacy-mode,Docs,Privacy Mode feature or configuration
LLM Analytics,prompts,/docs/llm-analytics/prompts,Docs,Prompts feature or configuration
LLM Analytics,sessions,/docs/llm-analytics/sessions,Docs,Sessions feature or configuration
LLM Analytics,spans,/docs/llm-analytics/spans,Docs,Spans feature or configuration
LLM Analytics,start here,/docs/llm-analytics/start-here,Docs,Start Here feature or configuration
LLM Analytics,summarization,/docs/llm-analytics/summarization,Docs,Summarization feature or configuration
LLM Analytics,traces,/docs/llm-analytics/traces,Docs,Traces feature or configuration
LLM Analytics,troubleshooting,/docs/llm-analytics/troubleshooting,Docs,"Debugging, missing data, fixes"
LLM Analytics,tutorials,/docs/llm-analytics/tutorials,Docs,"Learning resources, how-to content"
LLM Analytics,manual event capture,/docs/llm-analytics/user-feedback/manual-event-capture,Docs,Manual Event Capture feature or configuration
LLM Analytics,use thumb survey,/docs/llm-analytics/user-feedback/use-thumb-survey,Docs,Use Thumb Survey feature or configuration
LLM Analytics,ai,/ai,Product page,Ai feature page
LLM Analytics,ai engineering docs,/docs/ai-engineering,Docs,Ai Engineering documentation
LLM Analytics,posthog ai docs,/docs/posthog-ai,Docs,Posthog Ai documentation
LLM Analytics,llm analytics,/blog/llm-analytics,Blog,Blog: llm analytics
LLM Analytics,llm,/blog/llm,Blog,Blog: llm
LLM Analytics,correct llm code generation,/blog/correct-llm-code-generation,Blog,Blog: correct llm code generation
LLM Analytics,devtools advice agent llm,/blog/devtools-advice-agent-llm,Blog,Blog: devtools advice agent llm
LLM Analytics,envoy wizard llm agent,/blog/envoy-wizard-llm-agent,Blog,Blog: envoy wizard llm agent
LLM Analytics,optimizing agent cost,/blog/optimizing-agent-cost,Blog,Blog: optimizing agent cost
LLM Analytics,ai community answers,/blog/ai-community-answers,Blog,Blog: ai community answers
LLM Analytics,stop ai slop,/blog/stop-ai-slop,Blog,Blog: stop ai slop
LLM Analytics,building ai features,/newsletter/building-ai-features,Newsletter,Newsletter: building ai features
LLM Analytics,ai coding mistakes,/newsletter/ai-coding-mistakes,Newsletter,Newsletter: ai coding mistakes
LLM Analytics,llm product metrics,/product-engineers/llm-product-metrics,Prod. Engineers,Engineering guide: llm product metrics
LLM Analytics,llm analytics,/tutorials/llm-analytics,Tutorial,Tutorial: llm analytics
LLM Analytics,llm observability,/tutorials/llm-observability,Tutorial,Tutorial: llm observability
LLM Analytics,llm ab tests,/tutorials/llm-ab-tests,Tutorial,Tutorial: llm ab tests
LLM Analytics,anthropic analytics,/tutorials/anthropic-analytics,Tutorial,Tutorial: anthropic analytics
LLM Analytics,cohere analytics,/tutorials/cohere-analytics,Tutorial,Tutorial: cohere analytics
LLM Analytics,openai observability,/tutorials/openai-observability,Tutorial,Tutorial: openai observability
LLM Analytics,openrouter observability,/tutorials/openrouter-observability,Tutorial,Tutorial: openrouter observability
LLM Analytics,mcp,/tutorials/mcp,Tutorial,Tutorial: mcp
LLM Analytics,mcp analytics,/tutorials/mcp-analytics,Tutorial,Tutorial: mcp analytics
LLM Analytics,deskhog,/tutorials/deskhog,Tutorial,Tutorial: deskhog
LLM Analytics,deskhog claude tutorial,/tutorials/deskhog-claude-tutorial,Tutorial,Tutorial: deskhog claude tutorial
LLM Analytics,deskhog cursor tutorial,/tutorials/deskhog-cursor-tutorial,Tutorial,Tutorial: deskhog cursor tutorial
Revenue Analytics,revenue analytics,/revenue-analytics,Product page,General revenue analytics mentions
Revenue Analytics,revenue analytics docs,/docs/revenue-analytics,Docs,Technical docs references
Revenue Analytics,capture revenue events,/docs/revenue-analytics/capture-revenue-events,Docs,Capture Revenue Events feature or configuration
Revenue Analytics,connect to customers,/docs/revenue-analytics/connect-to-customers,Docs,Connect To Customers feature or configuration
Revenue Analytics,dashboard,/docs/revenue-analytics/dashboard,Docs,Dashboard feature or configuration
Revenue Analytics,deferred revenue,/docs/revenue-analytics/deferred-revenue,Docs,Deferred Revenue feature or configuration
Revenue Analytics,managed views,/docs/revenue-analytics/managed-views,Docs,Managed Views feature or configuration
Revenue Analytics,payment platforms,/docs/revenue-analytics/payment-platforms,Docs,Payment Platforms feature or configuration
Revenue Analytics,stripe,/docs/revenue-analytics/payment-platforms/stripe,Docs,Stripe feature or configuration
Revenue Analytics,start here,/docs/revenue-analytics/start-here,Docs,Start Here feature or configuration
Revenue Analytics,troubleshooting,/docs/revenue-analytics/troubleshooting,Docs,"Debugging, missing data, fixes"
Revenue Analytics,analytics pricing,/blog/analytics-pricing,Blog,Blog: analytics pricing
Revenue Analytics,revenue,/newsletter/revenue,Newsletter,Newsletter: revenue
Revenue Analytics,saas pricing lessons,/newsletter/saas-pricing-lessons,Newsletter,Newsletter: saas pricing lessons
Revenue Analytics,pricing advice,/newsletter/pricing-advice,Newsletter,Newsletter: pricing advice
Revenue Analytics,revenue,/founders/revenue,Founders,Founders: revenue
Revenue Analytics,pricing lessons,/founders/pricing-lessons,Founders,Founders: pricing lessons
Revenue Analytics,multi product pricing,/founders/multi-product-pricing,Founders,Founders: multi product pricing
Revenue Analytics,how to treat your pricing like a product,/founders/how-to-treat-your-pricing-like-a-product,Founders,Founders: how to treat your pricing like a product
Revenue Analytics,startup finance without finance,/founders/startup-finance-without-finance,Founders,Founders: startup finance without finance
Revenue Analytics,stripe reports,/tutorials/stripe-reports,Tutorial,Tutorial: stripe reports
Workflows,workflows,/workflows,Product page,General workflows mentions
Workflows,workflows docs,/docs/workflows,Docs,Technical docs references
Workflows,best practices,/docs/workflows/best-practices,Docs,Best practices and tips
Workflows,configure channels,/docs/workflows/configure-channels,Docs,Configure Channels feature or configuration
Workflows,email drip campaign,/docs/workflows/email-drip-campaign,Docs,Email Drip Campaign feature or configuration
Workflows,import customerio optouts,/docs/workflows/import-customerio-optouts,Docs,Import Customerio Optouts feature or configuration
Workflows,installation,/docs/workflows/installation,Docs,"Setup, getting started, SDKs"
Workflows,launch workflow,/docs/workflows/launch-workflow,Docs,Launch Workflow feature or configuration
Workflows,library,/docs/workflows/library,Docs,Library feature or configuration
Workflows,start here,/docs/workflows/start-here,Docs,Start Here feature or configuration
Workflows,troubleshooting,/docs/workflows/troubleshooting,Docs,"Debugging, missing data, fixes"
Workflows,workflow builder,/docs/workflows/workflow-builder,Docs,Workflow Builder feature or configuration
Workflows,workflows,/blog/workflows,Blog,Blog: workflows
Workflows,workflows alpha,/blog/workflows-alpha,Blog,Blog: workflows alpha
Workflows,workflows beta,/blog/workflows-beta,Blog,Blog: workflows beta
Workflows,workflows ga,/blog/workflows-ga,Blog,Blog: workflows ga
Logs,logs,/logs,Product page,General logs mentions
Logs,logs docs,/docs/logs,Docs,Technical docs references
Logs,best practices,/docs/logs/best-practices,Docs,Best practices and tips
Logs,debugging with mcp,/docs/logs/debugging-with-mcp,Docs,Debugging With Mcp feature or configuration
Logs,installation,/docs/logs/installation,Docs,"Setup, getting started, SDKs"
Logs,link session replay,/docs/logs/link-session-replay,Docs,Link Session Replay feature or configuration
Logs,pricing,/docs/logs/pricing,Docs,Pricing feature or configuration
Logs,search,/docs/logs/search,Docs,Search feature or configuration
Logs,start here,/docs/logs/start-here,Docs,Start Here feature or configuration
Logs,troubleshooting,/docs/logs/troubleshooting,Docs,"Debugging, missing data, fixes"
Logs,logs,/blog/logs,Blog,Blog: logs
Logs,logs beta,/blog/logs-beta,Blog,Blog: logs beta
Logs,logs ga,/blog/logs-ga,Blog,Blog: logs ga
Logs,how posthog uses logs,/blog/how-posthog-uses-logs,Blog,Blog: how posthog uses logs